gen,score,h_total,s_total,time,diversity,sa_impact,H_Total,S_Total,H1_Prof,H2_Salle,H3_Grp,H4_Cap,H9_Indisp,S3_Gaps,S4_Lunch,S6_Stab,S8_FreeApm,S10_Sat
1,1091844.5,1,91844.5,42.08301019668579,99.25925925925925,88361773.93333334,1,91844.5,0,1,0,0,0,3610,1880,7700,1300,75000
2,76057.0,0,76057.0,46.242472410202026,94.36213991769549,67169935.0,0,76057.0,0,0,0,0,0,3090,1560,7800,1400,60000
3,59496.5,0,59496.5,58.52715015411377,94.07407407407406,60670042.425,0,59496.5,0,0,0,0,0,2740,1440,7000,1100,45000
