{"(0, 7, 7, 0)": {"0": -172865.9883158608, "1": -143437.5126695616, "2": -163154.87204744894, "3": -161636.19847657142}, "(0, 6, 7, 0)": {"0": -209125.828680803, "1": -206410.10894578675, "2": -204181.0749436671, "3": -191078.95921891544}, "(0, 6, 7, 1)": {"0": -198120.0280412517, "1": -202344.73564727866, "2": -200294.75036278262, "3": -190717.12506642382}, "(0, 7, 7, 1)": {"0": -137673.58170210515, "1": -137349.39012165793, "2": -134548.1287060996, "3": -141254.81069952968}, "(0, 6, 7, 2)": {"0": -206960.35026633635, "1": -203316.03832507864, "2": -191371.34214465407, "3": -193701.38956264145}, "(0, 6, 7, 3)": {"0": -219359.23623324966, "1": -205395.84020854466, "2": -201535.16274118045, "3": -207139.896977026}, "(0, 6, 7, 4)": {"0": -232484.11214603027, "1": -213194.95626209152, "2": -214939.31100256875, "3": -205642.3213115397}, "(0, 6, 7, 5)": {"0": -227460.95421811927, "1": -225938.47989763884, "2": -206312.22830878943, "3": -219325.73606430792}, "(0, 6, 7, 6)": {"0": -219227.32260278327, "1": -206302.64688379635, "2": -224349.13082960714, "3": -219263.7188616269}, "(0, 6, 7, 7)": {"0": -220570.76659351907, "1": -184308.00078041005, "2": -211084.3776137327, "3": -203555.25872791826}, "(0, 5, 7, 7)": {"0": -211548.52556479225, "1": -182759.7528719319, "2": -179277.6894825331, "3": -183385.97620814017}, "(0, 5, 7, 8)": {"0": -223277.24655247704, "1": -203290.64088204777, "2": -192649.1437215998, "3": -202080.33749525246}, "(0, 5, 7, 9)": {"0": -212711.03881051, "1": -204725.4413458537, "2": -207747.57712371607, "3": -193305.1223685284}, "(0, 5, 7, 0)": {"0": -173044.07894472903, "1": -168738.31052188805, "2": -167391.67169475617, "3": -170513.59377431014}, "(0, 5, 7, 3)": {"0": -170802.18729181038, "1": -149232.19438919524, "2": -149114.8417362226, "3": -147329.2343683642}, "(0, 5, 7, 4)": {"0": -179993.4110474217, "1": -161785.25578121963, "2": -166826.5905757038, "3": -175566.59905571185}, "(0, 5, 7, 5)": {"0": -158012.03927241973, "1": -153318.1374819248, "2": -157996.90240690095, "3": -158773.06314681942}, "(0, 5, 7, 6)": {"0": -163658.24015235968, "1": -156651.65590491524, "2": -154697.71626814568, "3": -169065.32533215723}, "(0, 6, 7, 8)": {"0": -203168.46246119626, "1": -170780.35991790067, "2": -189464.66004865896, "3": -192300.35737055333}, "(0, 6, 7, 9)": {"0": -203968.14823886138, "1": -186816.0815636044, "2": -196629.02955718862, "3": -196737.00505271426}, "(0, 7, 7, 2)": {"0": -154524.61877584868, "1": -149289.5685050462, "2": -155187.8014986989, "3": -152869.38430942866}, "(0, 7, 7, 3)": {"0": -170716.342918919, "1": -165862.0141914332, "2": -170467.5027067632, "3": -175898.51140765054}, "(0, 7, 7, 4)": {"0": -170504.77247768053, "1": -176272.8207686477, "2": -172869.85342540438, "3": -182154.5781505604}, "(0, 7, 7, 5)": {"0": -178792.92409817755, "1": -159221.80318213187, "2": -157136.47836377454, "3": -152091.30623264523}, "(0, 7, 7, 6)": {"0": -167361.48733538226, "1": -146984.9359285192, "2": -142457.62333071086, "3": -157099.21095398505}, "(0, 7, 7, 7)": {"0": -168303.65164900376, "1": -160786.13083693344, "2": -161626.59298487887, "3": -150463.53307366325}, "(0, 7, 7, 8)": {"0": -161328.84050772543, "1": -157555.0313271693, "2": -167636.28572411963, "3": -158637.74976654432}, "(0, 7, 7, 9)": {"0": -164351.4152104657, "1": -150579.12450387786, "2": -151380.71940708475, "3": -152698.8822865761}, "(0, 5, 7, 1)": {"0": -164280.63559450698, "1": -146036.34135087227, "2": -148706.77610237728, "3": -148333.89851895545}, "(0, 8, 7, 0)": {"0": -56919.55177602172, "1": -53045.91282265409, "2": -56063.364795884256, "3": -55124.47237363575}, "(0, 8, 7, 1)": {"0": -113786.18174773027, "1": -99730.8724356727, "2": -109259.86123498491, "3": -112320.80286802695}, "(0, 8, 7, 2)": {"0": -83322.97896792169, "1": -75874.10979340131, "2": -87675.39746301697, "3": -87351.58720306122}, "(0, 8, 7, 3)": {"0": -9999.5, "1": -19896.439530443673, "2": -10834.232900473002, "3": -7915.389513430001}, "(0, 5, 7, 2)": {"0": -143261.5005591181, "1": -140703.18865215385, "2": -142893.84302115973, "3": -143420.69549826995}, "(0, 5, 6, 6)": {"0": -249072.21785432255, "1": -228742.7190581914, "2": -220230.55950765449, "3": -227537.97497596734}, "(0, 4, 7, 0)": {"0": -87916.26231384995, "1": -78432.18761653984, "2": -71151.02581222323, "3": -82357.58655374561}, "(0, 4, 7, 1)": {"0": -84379.76086662637, "1": -72872.16917492318, "2": -73169.28928915075, "3": -66876.06150214825}, "(0, 4, 7, 2)": {"0": -70351.80336886786, "1": -70212.94839184466, "2": -60057.91408903264, "3": -66074.08303925896}, "(0, 4, 7, 3)": {"0": -51568.164636025, "1": -45482.87175422936, "2": -48704.57424766353, "3": -50000.44428228961}, "(0, 4, 7, 4)": {"0": -63240.45342886082, "1": -58494.63162346355, "2": -58908.70666603832, "3": -63601.88116922801}, "(0, 4, 7, 5)": {"0": -69143.28554296767, "1": -68355.54831440272, "2": -68454.58517931146, "3": -67363.53471959694}, "(0, 4, 7, 6)": {"0": -62844.00394172212, "1": -57559.20922528417, "2": -56708.00176594104, "3": -50857.49067773649}, "(0, 4, 7, 7)": {"0": -60691.70736404964, "1": -54514.36584969936, "2": -59206.52089508653, "3": -51226.578755215545}, "(0, 4, 7, 8)": {"0": -50606.29395244773, "1": -44079.01158967818, "2": -45387.520701077665, "3": -38836.73906188804}, "(0, 4, 6, 8)": {"0": -242962.3068158862, "1": -236096.9064716373, "2": -233847.5571722971, "3": -216692.95091651578}, "(0, 4, 6, 9)": {"0": -258125.86660851396, "1": -200663.20316578928, "2": -227188.63240409247, "3": -233460.18826210452}, "(0, 4, 6, 0)": {"0": -264648.23958489374, "1": -227944.74053934883, "2": -228569.5427376882, "3": -198425.23881898864}, "(0, 4, 6, 1)": {"0": -254422.41520917113, "1": -239608.24387455653, "2": -233069.7859621655, "3": -239376.15213711333}, "(0, 4, 6, 2)": {"0": -248477.74817441395, "1": -236469.94883342998, "2": -210673.61611085615, "3": -240354.90098478706}, "(0, 4, 6, 3)": {"0": -247676.3919957703, "1": -229581.94829917603, "2": -229408.5676038204, "3": -222866.6060313472}, "(0, 4, 6, 4)": {"0": -268745.1134118124, "1": -245419.0649877312, "2": -241837.64127445055, "3": -245457.45565971622}, "(0, 4, 6, 5)": {"0": -269346.6123165215, "1": -230382.99799380667, "2": -221565.98959514362, "3": -214076.5307058394}, "(0, 4, 6, 6)": {"0": -248485.41696633317, "1": -209895.42229979264, "2": -225640.76105956308, "3": -235153.98540440868}, "(0, 4, 6, 7)": {"0": -271306.1289830946, "1": -228222.70238417076, "2": -233005.43858009228, "3": -198619.07851135865}, "(0, 5, 6, 0)": {"0": -234332.73659088096, "1": -210370.75888952328, "2": -210465.46537252993, "3": -187104.97977238696}, "(0, 5, 6, 1)": {"0": -226483.33765716312, "1": -213799.16958246197, "2": -213937.03244267267, "3": -204057.07366906328}, "(0, 5, 6, 2)": {"0": -216555.75168465063, "1": -202062.7942627131, "2": -210498.7175955594, "3": -207537.49362444534}, "(0, 5, 6, 3)": {"0": -262584.1833316963, "1": -227984.2131017599, "2": -230662.62427172047, "3": -217493.86303989345}, "(0, 5, 6, 4)": {"0": -237662.92215778184, "1": -231509.37866413465, "2": -191531.64420478573, "3": -238658.47856935946}, "(0, 5, 6, 5)": {"0": -248887.8240812312, "1": -217534.82843880227, "2": -212914.27773167766, "3": -217065.5722386097}, "(0, 5, 6, 7)": {"0": -230501.09210433188, "1": -200962.9157117801, "2": -207955.06788395616, "3": -206673.2670447603}, "(0, 5, 6, 8)": {"0": -259956.84969503625, "1": -235927.49064225255, "2": -223099.1426257039, "3": -232183.65386948496}, "(0, 5, 6, 9)": {"0": -246344.790448596, "1": -220092.95912058896, "2": -213213.50440793912, "3": -217605.55389537042}, "(1, 5, 6, 0)": {"0": -14924.263776213842, "1": -18532.914494034958, "2": 0.0, "3": 0.0}, "(0, 3, 6, 4)": {"0": -275003.4524243197, "1": -232795.3479326873, "2": -245266.29734114395, "3": -242952.66207053626}, "(0, 3, 6, 5)": {"0": -256622.25525689966, "1": -224829.72419490252, "2": -227173.1020980631, "3": -231500.37935723428}, "(0, 3, 6, 6)": {"0": -245489.99115545882, "1": -225296.26714718292, "2": -211288.94196865146,