gen,score,h_total,s_total,time,diversity,sa_impact,H_Total,S_Total,H1_Prof,H2_Salle,H3_Grp,H4_Cap,H9_Indisp,S3_Gaps,S4_Lunch,S6_Stab,S8_FreeApm,S10_Sat
1,19141664.5,19,141664.5,56.03863573074341,99.71544715447156,45943563.8375,19,141664.5,0,7,12,0,0,2430,1600,8500,1500,125000
2,5121316.5,5,121316.5,57.783576011657715,98.65853658536585,5245770.35,5,121316.5,0,2,3,0,0,3560,1640,7400,1300,105000
2,10131428.0,10,131428.0,58.02890586853027,99.47154471544717,4890716.8125,10,131428.0,0,7,3,0,0,2470,1440,8200,1700,115000
3,1111336.5,1,111336.5,51.767236948013306,98.90243902439025,500093.7,1,111336.5,0,1,0,0,0,4000,1640,7400,1200,95000
3,4117187.0,4,117187.0,46.61574411392212,98.86178861788618,753365.675,4,117187.0,1,2,1,0,0,3230,1720,8700,1100,100000
4,1107106.0,1,107106.0,45.499481439590454,96.54471544715447,301213.525,1,107106.0,0,1,0,0,0,4020,1640,7700,1500,90000
4,3101683.0,3,101683.0,45.934842586517334,99.39024390243902,501149.4375,3,101683.0,1,0,2,0,0,3380,1800,8300,900,85000
5,101511.0,0,101511.0,47.87735295295715,97.52032520325203,150491.075,0,101511.0,0,0,0,0,0,2620,1680,8200,1400,85000
