{"(0, 5, 7, 0)": {"0": -112557.17700457165, "1": -105947.45382281553, "2": -109047.37818286991, "3": -111867.36969841161}, "(0, 5, 7, 1)": {"0": -102634.95005801754, "1": -100005.66610119733, "2": -100599.17705189344, "3": -102988.70858905785}, "(0, 5, 7, 2)": {"0": -140902.69684071068, "1": -139122.192699474, "2": -138854.00895257882, "3": -134277.9334039798}, "(0, 5, 7, 3)": {"0": -145043.28342655153, "1": -141254.0098080006, "2": -120540.85141807167, "3": -144244.26112717311}, "(0, 5, 7, 4)": {"0": -105535.50060533847, "1": -105754.27582412845, "2": -104604.2755998254, "3": -99742.89255013135}, "(0, 5, 7, 5)": {"0": -121685.89929443278, "1": -108569.90220049176, "2": -112495.92067108102, "3": -121981.55438703616}, "(0, 5, 7, 6)": {"0": -111818.03930176425, "1": -111833.16156621324, "2": -102711.40174073345, "3": -109621.00870705298}, "(0, 5, 7, 7)": {"0": -79641.8870129311, "1": -68050.00701810075, "2": -64811.93181344115, "3": -57508.38206043625}, "(0, 5, 7, 8)": {"0": -62453.542547226236, "1": -63742.38705709487, "2": -62555.292144753104, "3": -57180.824177560455}, "(0, 5, 7, 9)": {"0": -57892.4835765026, "1": -48140.44638599472, "2": -48001.38018297152, "3": -47899.58808817802}, "(0, 6, 7, 0)": {"0": -156866.0175125531, "1": -150502.38214101054, "2": -148271.93777166423, "3": -152005.73788308594}, "(0, 6, 7, 1)": {"0": -158727.67415810187, "1": -143372.07128585604, "2": -147825.70844707766, "3": -146490.79415095586}, "(0, 6, 7, 2)": {"0": -133876.1880077817, "1": -132578.46406137483, "2": -131695.7598289555, "3": -134397.5087365425}, "(0, 6, 7, 3)": {"0": -130911.5767833652, "1": -126187.79346553482, "2": -131034.38082580653, "3": -136155.54321140237}, "(0, 6, 7, 4)": {"0": -135186.0371939543, "1": -129905.7770984455, "2": -128526.7424635499, "3": -133419.36963709}, "(0, 6, 7, 5)": {"0": -176386.1950036771, "1": -166974.5352740857, "2": -170494.4630435814, "3": -162810.71282303627}, "(0, 6, 7, 6)": {"0": -157364.79987550748, "1": -143997.18202184263, "2": -134351.4690244788, "3": -147463.76941566996}, "(0, 6, 7, 7)": {"0": -102982.48458905419, "1": -109380.2941206396, "2": -102607.92539730085, "3": -102301.86909950353}, "(0, 6, 7, 8)": {"0": -110847.73788037519, "1": -111758.28016050099, "2": -103410.96312707204, "3": -114733.13504734045}, "(0, 6, 7, 9)": {"0": -116008.90936364257, "1": -107948.34345048504, "2": -108794.04687601837, "3": -106227.36318753345}, "(0, 4, 7, 6)": {"0": -56118.12377350186, "1": -41156.23769278609, "2": -38465.96583769064, "3": -32916.41691910761}, "(0, 4, 7, 7)": {"0": -49309.076966122855, "1": -50733.38974289792, "2": -57118.18186196161, "3": -52702.62135093357}, "(0, 4, 7, 8)": {"0": -84203.36680081121, "1": -73859.36107508624, "2": -74254.07275379387, "3": -62678.2447488554}, "(0, 4, 7, 9)": {"0": -63787.48458258244, "1": -64950.4194607399, "2": -62739.02813255116, "3": -63861.998630156486}, "(0, 7, 7, 6)": {"0": -13193.381246207937, "1": -13587.864280614362, "2": -14499.279185771065, "3": -14360.847424300806}, "(0, 7, 7, 7)": {"0": 0.0, "1": 0.0, "2": 0.0, "3": 0.0}, "(0, 7, 6, 7)": {"0": -102826.66075473234, "1": -102419.29459449902, "2": -101790.59589327133, "3": -95268.34090942262}, "(0, 7, 6, 8)": {"0": -104226.06731328828, "1": -91956.14816951234, "2": -107676.84976032689, "3": -103825.41854200925}, "(0, 6, 6, 8)": {"0": -225223.74238137796, "1": -224650.45230571064, "2": -208595.54711810866, "3": -216358.9536787233}, "(0, 6, 6, 9)": {"0": -226785.12689066704, "1": -224532.2555423199, "2": -214781.36007899267, "3": -218670.50629544622}, "(0, 6, 6, 0)": {"0": -232696.87111553832, "1": -199139.66881599522, "2": -222850.55590596414, "3": -224071.50812952186}, "(0, 6, 6, 1)": {"0": -234386.90362147224, "1": -225287.19382874836, "2": -219635.32924438498, "3": -227528.85441458185}, "(0, 6, 6, 2)": {"0": -238904.45302607137, "1": -211502.87587200152, "2": -238093.1801929083, "3": -228866.97134827072}, "(0, 6, 6, 3)": {"0": -223623.06627927645, "1": -238042.47803531896, "2": -224384.96103543736, "3": -203799.03642544063}, "(0, 6, 6, 4)": {"0": -223464.11510790256, "1": -220925.79148971004, "2": -220188.69212901578, "3": -191387.26700830192}, "(0, 6, 6, 5)": {"0": -212348.1361936823, "1": -204957.60779359005, "2": -201278.23706010383, "3": -208586.03601298956}, "(0, 6, 6, 6)": {"0": -244747.9942720853, "1": -236649.53199578854, "2": -237683.14518634067, "3": -228743.22314629075}, "(0, 6, 6, 7)": {"0": -224132.37668856359, "1": -219145.73769760111, "2": -212591.78214040006, "3": -187584.22775388768}, "(0, 4, 7, 0)": {"0": -61053.64087409878, "1": -61665.94721890224, "2": -69206.94345254672, "3": -63383.612917465856}, "(0, 4, 7, 1)": {"0": -53078.65484393253, "1": -56849.48804812555, "2": -52842.394450539214, "3": -50249.00689890522}, "(0, 4, 7, 2)": {"0": -18939.103000000003, "1": -15520.507923026591, "2": -11815.788211035911, "3": -8793.797288802996}, "(0, 4, 7, 3)": {"0": -15969.103000000003, "1": -14737.628549967052, "2": -16404.104179436614, "3": -20090.46784042198}, "(0, 4, 7, 4)": {"0": -72794.24402540238, "1": -55851.82493915021, "2": -62033.60621628537, "3": -60998.97023444482}, "(0, 4, 7, 5)": {"0": -35402.3130029334, "1": -36161.05355530161, "2": -31568.77628181861, "3": -34245.429175398785}, "(0, 5, 6, 7)": {"0": -244940.09179850933, "1": -227484.64067797954, "2": -219862.81722511264, "3": -225878.80470119405}, "(0, 5, 6, 8)": {"0": -242756.38144014528, "1": -206718.6763854152, "2": -219845.96515626833, "3": -215234.47036382483}, "(0, 5, 6, 9)": {"0": -222594.3490148329, "1": -221671.98654232608, "2": -209427.47855173334, "3": -217703.67946970707}, "(0, 5, 6, 4)": {"0": -258153.24054308233, "1": -251072.6784972878, "2": -233723.17262118275, "3": -243976.15627049928}, "(0, 5, 6, 5)": {"0": -244761.79172809792, "1": -233119.13911952073, "2": -224235.33740462732, "3": -213562.99333789904}, "(0, 5, 6, 6)": {"0": -257514.20999825513, "1": -204894.6417415993, "2": -218060.53153446442, "3": -222825.44379248482}, "(0, 7, 6, 0)": {"0": -45259.58447890551, "1": -38965.05652203911, "2": -43156.546502086094, "3": -43007.42741274151}, "(0, 7, 6, 1)": {"0": -77116.69745485715, "1": -50826.747308246995, "2": -60573.25644411085, "3": -55916.35687554593}, "(0, 7, 6, 2)": {"0": -58575.661575337275, "1": -49672.067285579, "2": -55744.06976975748, "3": -55671.54530363608}, "(0, 7, 6, 3)": {"0": -69346.35054715563, "1": -70748.15472826845, "2": -69052.6656336762, "3": -61610.77398250002}, "(0, 7, 6, 4)": {"0": -59398.049384983125, "1": -62187.76189587085, "2": -53705.911345655724, "3": -65202.689206095776}, "(0, 7, 6, 5)": {"0": -72802.10998850659, "1": -62385.34497383724, "2": -62564.26840918441, "3": -55075.04705216686}, "(0, 7, 6, 6)": {"0": -71532.20281337074, "1": -69870.94588609568, "2": -65756.0321220014, "3": -72691.71939110346}, "(0, 7, 6, 9)": {"0": -70434.70926879082, "1": -62423.0922548451, "2": -61492.73205062715, "3": -61953.852034583775}, "(0, 5, 6, 0)": {"0": -224312.49490864226, "1": -214771.9774056179, "2": -215017.8900531984, "3": -201988.21195020137}, "(0, 5, 6, 1)": {"0": -238895.64099048843, "1": -216588.53399439517, "2": -234452.41535735762, "3": -233729.96751749172}, "(0, 5, 6, 2)": {"0": -222226.74040452862, "1": -202061.04193589656, "2": -202941.4549793669, "3": -191069.90087178402}, "(0, 5, 6, 3)": {"0": -237237.8256741076, "1": -207565.2417115398, "2": -219803.8036028175, "3": -219528.78548664573}, "(0, 5, 5, 8)": {"0": -139023.0483873237, "1": -124007.24484632138, "2": -125575.33486826636, "3": -127013.72200432987}, "(0, 5, 5, 9)": {"0": -157966.56978338122, "1": -158854.29212677918, "2": -151879.13929978196, "3": -147724.41502299806}, "(0, 5, 5, 0)": {"0": -16179.187675000001, "1": -12742.4487797425, "2": -13340.217601008348, "3": -25552.253114249645}, "(0, 4, 6, 4)": {"0": -227138.2828045556, "1": -206145.7691612057, "2": -227392.5278502152, "3": -231730.28760921102}, "(0, 4, 6, 5)": {"0": -248779.52764159784, "1": -219912.08082581207, "2": -218495.8291166186, "3": -193593.56906379104},